{
  "same_seed": {
    "initial_rf_hashes": [
      [
        42,
        "20f522c5de4c26c0c947c621823f9bf1"
      ],
      [
        42,
        "20f522c5de4c26c0c947c621823f9bf1"
      ],
      [
        42,
        "20f522c5de4c26c0c947c621823f9bf1"
      ]
    ],
    "initial_rf_acc": [
      [
        42,
        0.8473743474255298
      ],
      [
        42,
        0.8473743474255298
      ],
      [
        42,
        0.8473743474255298
      ]
    ],
    "identical_rf": true,
    "tuned_rf_hashes": [
      [
        42,
        "2beaaf0036bf99d81dbf1a3229015e0c"
      ],
      [
        42,
        "2beaaf0036bf99d81dbf1a3229015e0c"
      ],
      [
        42,
        "2beaaf0036bf99d81dbf1a3229015e0c"
      ]
    ],
    "tuned_rf_acc": [
      [
        42,
        0.8601699252738254
      ],
      [
        42,
        0.8601699252738254
      ],
      [
        42,
        0.8601699252738254
      ]
    ],
    "identical_tuned": true
  },
  "different_seeds": {
    "initial_rf_hashes": [
      [
        1,
        "2cb2e428d1c81398bd3587d472f53ee3"
      ],
      [
        2,
        "b8f157ca79c68e2b17423700f0cba272"
      ],
      [
        3,
        "1a621243857e73218465ee645004c418"
      ],
      [
        4,
        "a432a61318ae3dbf8dc0193c50f86b72"
      ],
      [
        5,
        "6d37fe6999ec29a82f3c472c3c93f97f"
      ]
    ],
    "initial_rf_acc": [
      [
        1,
        0.8473743474255298
      ],
      [
        2,
        0.8448152318558706
      ],
      [
        3,
        0.8435868563824342
      ],
      [
        4,
        0.8468625243115979
      ],
      [
        5,
        0.8517760262053434
      ]
    ],
    "tuned_rf_hashes": [
      [
        1,
        "8a9d78057a4c430906e10a7138daca58"
      ],
      [
        2,
        "4a47159916459662d37b4033e88eab38"
      ],
      [
        3,
        "c17ae112600180680652ba01cca983fc"
      ],
      [
        4,
        "fd8122f6b6948b671932d09c34a225fa"
      ],
      [
        5,
        "647eec82e74979a2abc3a2a3366104b6"
      ]
    ],
    "tuned_rf_acc": [
      [
        1,
        0.8617053946156208
      ],
      [
        2,
        0.8599651960282526
      ],
      [
        3,
        0.8591462790459617
      ],
      [
        4,
        0.8599651960282526
      ],
      [
        5,
        0.8646739686764254
      ]
    ],
    "all_different_rf": true,
    "all_different_tuned": true
  }
}