{
  "same_seed": {
    "initial_rf_acc": [
      [
        42,
        0.8464530658204524
      ],
      [
        42,
        0.8464530658204524
      ],
      [
        42,
        0.8464530658204524
      ]
    ],
    "initial_rf_hashes": [
      [
        42,
        "e6684c707a0ca75bc80a2607a0f2eccc"
      ],
      [
        42,
        "e6684c707a0ca75bc80a2607a0f2eccc"
      ],
      [
        42,
        "e6684c707a0ca75bc80a2607a0f2eccc"
      ]
    ],
    "identical_initial": true,
    "tuned_rf_acc": [
      [
        42,
        0.8565871634763026
      ],
      [
        42,
        0.8565871634763026
      ],
      [
        42,
        0.8565871634763026
      ]
    ],
    "tuned_rf_hashes": [
      [
        42,
        "88f482e899158ee51a133a9ea01b5f3e"
      ],
      [
        42,
        "88f482e899158ee51a133a9ea01b5f3e"
      ],
      [
        42,
        "88f482e899158ee51a133a9ea01b5f3e"
      ]
    ],
    "identical_tuned": true
  },
  "different_seeds": {
    "initial_rf_acc": [
      [
        1,
        0.8505476507319071
      ],
      [
        2,
        0.8451223257242297
      ],
      [
        3,
        0.8465554304432388
      ],
      [
        4,
        0.847169618179957
      ],
      [
        5,
        0.8512642030914116
      ]
    ],
    "initial_rf_hashes": [
      [
        1,
        "c39d2e2793ca2c3227582ceca1f4493c"
      ],
      [
        2,
        "22ee617692ec43f00dc3cdad6cb7a753"
      ],
      [
        3,
        "e86ac1060c0eb830a39fcc00ea763913"
      ],
      [
        4,
        "ee8abc7af5fe00cae1511e61789636c8"
      ],
      [
        5,
        "71a576a95b594b0a9d4734989049d3b1"
      ]
    ],
    "unique_initial": true,
    "tuned_rf_acc": [
      [
        1,
        0.8612959361244754
      ],
      [
        2,
        0.8570989865902344
      ],
      [
        3,
        0.8580202681953117
      ],
      [
        4,
        0.8593510082915344
      ],
      [
        5,
        0.8655952502815027
      ]
    ],
    "tuned_rf_hashes": [
      [
        1,
        "db6b001a26f4ff346a751858a43324f8"
      ],
      [
        2,
        "5a6995e2536096eebc56f6e0d94965a1"
      ],
      [
        3,
        "caef4b35ee820be55c91be25b7f48b32"
      ],
      [
        4,
        "125dde61488f6fa136c9ca435e187798"
      ],
      [
        5,
        "4ec89996500bf8a6385aa162aa0db2c8"
      ]
    ],
    "unique_tuned": true
  }
}