{
  "same_seed": {
    "initial_rf_hashes": [
      [
        42,
        "846149ad6f30050f3bca38edd1083201"
      ],
      [
        42,
        "846149ad6f30050f3bca38edd1083201"
      ],
      [
        42,
        "846149ad6f30050f3bca38edd1083201"
      ]
    ],
    "initial_rf_acc": [
      [
        42,
        0.8464530658204524
      ],
      [
        42,
        0.8464530658204524
      ],
      [
        42,
        0.8464530658204524
      ]
    ],
    "identical_rf": true,
    "tuned_rf_hashes": [
      [
        42,
        "da33ce6b284af4a6513e6958702646e8"
      ],
      [
        42,
        "da33ce6b284af4a6513e6958702646e8"
      ],
      [
        42,
        "da33ce6b284af4a6513e6958702646e8"
      ]
    ],
    "tuned_rf_acc": [
      [
        42,
        0.8565871634763026
      ],
      [
        42,
        0.8565871634763026
      ],
      [
        42,
        0.8565871634763026
      ]
    ],
    "identical_tuned": true
  },
  "different_seeds": {
    "initial_rf_hashes": [
      [
        1,
        "89b21938b0860b098dc7cd735e6b99be"
      ],
      [
        2,
        "4526c191c0cebaaf681b7f4207709a0e"
      ],
      [
        3,
        "4cec676a295a14cafde3f60c33547b92"
      ],
      [
        4,
        "6816b1a74d7fd55a7fbc798dc61a2384"
      ],
      [
        5,
        "a5e3ba5fa2371d1838b2eead88add5fa"
      ]
    ],
    "initial_rf_acc": [
      [
        1,
        0.8505476507319071
      ],
      [
        2,
        0.8451223257242297
      ],
      [
        3,
        0.8465554304432388
      ],
      [
        4,
        0.847169618179957
      ],
      [
        5,
        0.8512642030914116
      ]
    ],
    "tuned_rf_hashes": [
      [
        1,
        "323c3ab101859ea8171e307437de984a"
      ],
      [
        2,
        "3d5830fae32be6be8fadad184e441436"
      ],
      [
        3,
        "bd06ce6b671e758965d3c069cb71b986"
      ],
      [
        4,
        "322be50c475f08388ee7fa41dfb2e330"
      ],
      [
        5,
        "c28b21c820a3ba267a8d80d88293f3c3"
      ]
    ],
    "tuned_rf_acc": [
      [
        1,
        0.8612959361244754
      ],
      [
        2,
        0.8570989865902344
      ],
      [
        3,
        0.8580202681953117
      ],
      [
        4,
        0.8593510082915344
      ],
      [
        5,
        0.8655952502815027
      ]
    ],
    "all_different_rf": true,
    "all_different_tuned": true
  }
}