{
  "same_seed": {
    "initial_rf_hashes": [
      [
        42,
        "adc793336c84d50a106c1a1754781dfc"
      ],
      [
        42,
        "adc793336c84d50a106c1a1754781dfc"
      ],
      [
        42,
        "adc793336c84d50a106c1a1754781dfc"
      ]
    ],
    "initial_rf_acc": [
      [
        42,
        0.8464530658204524
      ],
      [
        42,
        0.8464530658204524
      ],
      [
        42,
        0.8464530658204524
      ]
    ],
    "identical_rf": true,
    "tuned_rf_hashes": [
      [
        42,
        "e7cfb048e4b8b74b3186cb0573e8ad4c"
      ],
      [
        42,
        "e7cfb048e4b8b74b3186cb0573e8ad4c"
      ],
      [
        42,
        "e7cfb048e4b8b74b3186cb0573e8ad4c"
      ]
    ],
    "tuned_rf_acc": [
      [
        42,
        0.8565871634763026
      ],
      [
        42,
        0.8565871634763026
      ],
      [
        42,
        0.8565871634763026
      ]
    ],
    "identical_tuned": true
  },
  "different_seeds": {
    "initial_rf_hashes": [
      [
        1,
        "941b0dc0193ed0b76970c3f33674474c"
      ],
      [
        2,
        "fb9a0f775ed391d14702e36c3311d6fb"
      ],
      [
        3,
        "a33c043f3cda20396168cfe0413e82eb"
      ],
      [
        4,
        "22272325239a7d6ca1509d1258e011f4"
      ],
      [
        5,
        "bfbab50373e865df43f8b63a079c1396"
      ]
    ],
    "initial_rf_acc": [
      [
        1,
        0.8505476507319071
      ],
      [
        2,
        0.8451223257242297
      ],
      [
        3,
        0.8465554304432388
      ],
      [
        4,
        0.847169618179957
      ],
      [
        5,
        0.8512642030914116
      ]
    ],
    "tuned_rf_hashes": [
      [
        1,
        "045a33b75684e0434ab7fd6100ca1c01"
      ],
      [
        2,
        "19a7016281c9fc912227983580084541"
      ],
      [
        3,
        "88dfd3d93faa9143c3c1aa5c17003b3a"
      ],
      [
        4,
        "73a1b624c7d389c9af61e44526971fd7"
      ],
      [
        5,
        "7c0742ccd34446a4f3828dce8a816d90"
      ]
    ],
    "tuned_rf_acc": [
      [
        1,
        0.8612959361244754
      ],
      [
        2,
        0.8570989865902344
      ],
      [
        3,
        0.8580202681953117
      ],
      [
        4,
        0.8593510082915344
      ],
      [
        5,
        0.8655952502815027
      ]
    ],
    "all_different_rf": true,
    "all_different_tuned": true
  }
}