{
  "same_seed": {
    "initial_rf_hashes": [
      [
        42,
        "2aaf53256046f0f14963a97597bfa96d"
      ],
      [
        42,
        "2aaf53256046f0f14963a97597bfa96d"
      ],
      [
        42,
        "2aaf53256046f0f14963a97597bfa96d"
      ]
    ],
    "initial_rf_acc": [
      [
        42,
        0.8473743474255298
      ],
      [
        42,
        0.8473743474255298
      ],
      [
        42,
        0.8473743474255298
      ]
    ],
    "identical_rf": true,
    "tuned_rf_hashes": [
      [
        42,
        "022215586b7c4a63cdb72a6de2a5b686"
      ],
      [
        42,
        "022215586b7c4a63cdb72a6de2a5b686"
      ],
      [
        42,
        "022215586b7c4a63cdb72a6de2a5b686"
      ]
    ],
    "tuned_rf_acc": [
      [
        42,
        0.8601699252738254
      ],
      [
        42,
        0.8601699252738254
      ],
      [
        42,
        0.8601699252738254
      ]
    ],
    "identical_tuned": true
  },
  "different_seeds": {
    "initial_rf_hashes": [
      [
        1,
        "df7ed39c51d3fc58076c71cb2af63687"
      ],
      [
        2,
        "4b81450fd8de755211c2f2671f3c285e"
      ],
      [
        3,
        "9c05f625b4e6543aea26ea2735614f9b"
      ],
      [
        4,
        "a50618ca375a31eac60c03d318739e87"
      ],
      [
        5,
        "aa47f7fbf97053a93a0112faf17e85b2"
      ]
    ],
    "initial_rf_acc": [
      [
        1,
        0.8473743474255298
      ],
      [
        2,
        0.8448152318558706
      ],
      [
        3,
        0.8435868563824342
      ],
      [
        4,
        0.8468625243115979
      ],
      [
        5,
        0.8517760262053434
      ]
    ],
    "tuned_rf_hashes": [
      [
        1,
        "aa424d43b25021bac59a9e94c1b66007"
      ],
      [
        2,
        "8fddf9441e42d8365250101c651126d4"
      ],
      [
        3,
        "87459cdd3b3614ec6311a6df38004308"
      ],
      [
        4,
        "0df448c4cd9b36f6c09df3d7e8926bdc"
      ],
      [
        5,
        "fee68829d1a001227705d9550fe61f83"
      ]
    ],
    "tuned_rf_acc": [
      [
        1,
        0.8617053946156208
      ],
      [
        2,
        0.8599651960282526
      ],
      [
        3,
        0.8591462790459617
      ],
      [
        4,
        0.8599651960282526
      ],
      [
        5,
        0.8646739686764254
      ]
    ],
    "all_different_rf": true,
    "all_different_tuned": true
  }
}