{
  "aggregated_over_runs": 2,
  "frameworks": {
    "AdultIncome": {
      "baseline": {
        "duration": {
          "min": 28.45,
          "max": 28.64,
          "mean": 28.545,
          "stddev": 0.09500000000000064
        },
        "artifact_count": {
          "min": 0,
          "max": 0,
          "mean": 0,
          "stddev": 0.0
        },
        "artifact_size": {
          "min": 0,
          "max": 0,
          "mean": 0,
          "stddev": 0.0
        },
        "accuracy": {
          "min": 0.8601699252738254,
          "max": 0.8601699252738254,
          "mean": 0.8601699252738254,
          "stddev": 0.0
        },
        "f1_score": {
          "min": 0.6581581581581581,
          "max": 0.6581581581581581,
          "mean": 0.6581581581581581,
          "stddev": 0.0
        },
        "tpr": {
          "min": 0.5583864118895966,
          "max": 0.5583864118895966,
          "mean": 0.5583864118895966,
          "stddev": 0.0
        },
        "fpr": {
          "min": 0.0439708659293229,
          "max": 0.0439708659293229,
          "mean": 0.0439708659293229,
          "stddev": 0.0
        },
        "code_changes.added": {
          "min": 0,
          "max": 0,
          "mean": 0,
          "stddev": 0.0
        },
        "code_changes.deleted": {
          "min": 0,
          "max": 0,
          "mean": 0,
          "stddev": 0.0
        },
        "code_changes.base_lines": {
          "min": 0,
          "max": 0,
          "mean": 0,
          "stddev": 0.0
        }
      },
      "mlflow": {
        "duration": {
          "min": 13.59,
          "max": 13.75,
          "mean": 13.67,
          "stddev": 0.08000000000000007
        },
        "artifact_count": {
          "min": 36,
          "max": 36,
          "mean": 36,
          "stddev": 0.0
        },
        "artifact_size": {
          "min": 220607120,
          "max": 220607120,
          "mean": 220607120,
          "stddev": 0.0
        },
        "accuracy": {
          "min": 0.8565871634763026,
          "max": 0.8565871634763026,
          "mean": 0.8565871634763026,
          "stddev": 0.0
        },
        "f1_score": {
          "min": 0.6393822393822394,
          "max": 0.6393822393822394,
          "mean": 0.6393822393822394,
          "stddev": 0.0
        },
        "tpr": {
          "min": 0.5273885350318471,
          "max": 0.5273885350318471,
          "mean": 0.5273885350318471,
          "stddev": 0.0
        },
        "fpr": {
          "min": 0.03884542756946318,
          "max": 0.03884542756946318,
          "mean": 0.03884542756946318,
          "stddev": 0.0
        },
        "code_changes.added": {
          "min": 104,
          "max": 104,
          "mean": 104,
          "stddev": 0.0
        },
        "code_changes.deleted": {
          "min": 0,
          "max": 0,
          "mean": 0,
          "stddev": 0.0
        },
        "code_changes.base_lines": {
          "min": 217,
          "max": 217,
          "mean": 217,
          "stddev": 0.0
        }
      },
      "metaflow": {
        "duration": {
          "min": 60.68,
          "max": 61.4,
          "mean": 61.04,
          "stddev": 0.35999999999999943
        },
        "artifact_count": {
          "min": 465,
          "max": 465,
          "mean": 465,
          "stddev": 0.0
        },
        "artifact_size": {
          "min": 145044442,
          "max": 145044442,
          "mean": 145044442,
          "stddev": 0.0
        },
        "accuracy": {
          "min": 0.8599651960282526,
          "max": 0.8599651960282526,
          "mean": 0.8599651960282526,
          "stddev": 0.0
        },
        "f1_score": {
          "min": 0.6736641221374046,
          "max": 0.6736641221374046,
          "mean": 0.6736641221374046,
          "stddev": 0.0
        },
        "tpr": {
          "min": 0.5995753715498938,
          "max": 0.5995753715498938,
          "mean": 0.5995753715498938,
          "stddev": 0.0
        },
        "fpr": {
          "min": 0.05732398165632587,
          "max": 0.05732398165632587,
          "mean": 0.05732398165632587,
          "stddev": 0.0
        },
        "code_changes.added": {
          "min": 195,
          "max": 195,
          "mean": 195,
          "stddev": 0.0
        },
        "code_changes.deleted": {
          "min": 0,
          "max": 0,
          "mean": 0,
          "stddev": 0.0
        },
        "code_changes.base_lines": {
          "min": 217,
          "max": 217,
          "mean": 217,
          "stddev": 0.0
        }
      },
      "zenml": {
        "duration": {
          "min": 28.93,
          "max": 29.49,
          "mean": 29.21,
          "stddev": 0.27999999999999936
        },
        "artifact_count": {
          "min": 1,
          "max": 1,
          "mean": 1,
          "stddev": 0.0
        },
        "artifact_size": {
          "min": 220,
          "max": 220,
          "mean": 220,
          "stddev": 0.0
        },
        "accuracy": {
          "min": 0.8601699252738254,
          "max": 0.8601699252738254,
          "mean": 0.8601699252738254,
          "stddev": 0.0
        },
        "f1_score": {
          "min": 0.6581581581581581,
          "max": 0.6581581581581581,
          "mean": 0.6581581581581581,
          "stddev": 0.0
        },
        "tpr": {
          "min": 0.5583864118895966,
          "max": 0.5583864118895966,
          "mean": 0.5583864118895966,
          "stddev": 0.0
        },
        "fpr": {
          "min": 0.0439708659293229,
          "max": 0.0439708659293229,
          "mean": 0.0439708659293229,
          "stddev": 0.0
        },
        "code_changes.added": {
          "min": 208,
          "max": 208,
          "mean": 208,
          "stddev": 0.0
        },
        "code_changes.deleted": {
          "min": 0,
          "max": 0,
          "mean": 0,
          "stddev": 0.0
        },
        "code_changes.base_lines": {
          "min": 217,
          "max": 217,
          "mean": 217,
          "stddev": 0.0
        }
      }
    },
    "DeepCovid": {
      "baseline": {
        "duration": {
          "min": 365.04,
          "max": 365.82,
          "mean": 365.43,
          "stddev": 0.38999999999998636
        },
        "artifact_count": {
          "min": 0,
          "max": 0,
          "mean": 0,
          "stddev": 0.0
        },
        "artifact_size": {
          "min": 0,
          "max": 0,
          "mean": 0,
          "stddev": 0.0
        },
        "accuracy": {
          "min": 0.967741935483871,
          "max": 0.967741935483871,
          "mean": 0.967741935483871,
          "stddev": 0.0
        },
        "f1_score": {
          "min": 0.9836065573770492,
          "max": 0.9836065573770492,
          "mean": 0.9836065573770492,
          "stddev": 0.0
        },
        "tpr": {
          "min": 1.0,
          "max": 1.0,
          "mean": 1.0,
          "stddev": 0.0
        },
        "fpr": {
          "min": 1.0,
          "max": 1.0,
          "mean": 1.0,
          "stddev": 0.0
        },
        "code_changes.added": {
          "min": 0,
          "max": 0,
          "mean": 0,
          "stddev": 0.0
        },
        "code_changes.deleted": {
          "min": 0,
          "max": 0,
          "mean": 0,
          "stddev": 0.0
        },
        "code_changes.base_lines": {
          "min": 0,
          "max": 0,
          "mean": 0,
          "stddev": 0.0
        }
      },
      "mlflow": {
        "duration": {
          "min": 384.34,
          "max": 385.8,
          "mean": 385.07,
          "stddev": 0.7300000000000182
        },
        "artifact_count": {
          "min": 26,
          "max": 26,
          "mean": 26,
          "stddev": 0.0
        },
        "artifact_size": {
          "min": 105057108,
          "max": 105059112,
          "mean": 105058110,
          "stddev": 1002.0
        },
        "accuracy": {
          "min": 0.967741935483871,