{
  "AdultIncome": {
    "baseline": {
      "duration": 28.45,
      "success": true,
      "code_changes": {
        "added": 0,
        "deleted": 0,
        "base_lines": 0
      },
      "artifacts": {
        "artifact_count": 0,
        "artifact_size": 0
      },
      "metrics": {
        "accuracy": 0.8601699252738254,
        "tpr": 0.5583864118895966,
        "fpr": 0.0439708659293229,
        "f1_score": 0.6581581581581581,
        "confusion_matrix": {
          "TP": 1315,
          "TN": 7088,
          "FP": 326,
          "FN": 1040
        },
        "classification_report": {
          "0": {
            "precision": 0.8720472440944882,
            "recall": 0.9560291340706771,
            "f1-score": 0.912109123664908,
            "support": 7414.0
          },
          "1": {
            "precision": 0.8013406459475929,
            "recall": 0.5583864118895966,
            "f1-score": 0.6581581581581581,
            "support": 2355.0
          },
          "accuracy": 0.8601699252738254,
          "macro avg": {
            "precision": 0.8366939450210406,
            "recall": 0.7572077729801369,
            "f1-score": 0.785133640911533,
            "support": 9769.0
          },
          "weighted avg": {
            "precision": 0.8550020973408861,
            "recall": 0.8601699252738254,
            "f1-score": 0.850889497933677,
            "support": 9769.0
          }
        },
        "best_params": {
          "max_depth": 10,
          "max_features": "sqrt",
          "min_samples_split": 2,
          "n_estimators": 100
        },
        "duration": 28.45,
        "code_changes": {
          "added": 0,
          "deleted": 0,
          "base_lines": 0
        },
        "artifact_count": 0,
        "artifact_size": 0
      }
    },
    "mlflow": {
      "duration": 13.59,
      "success": true,
      "code_changes": {
        "added": 104,
        "deleted": 0,
        "base_lines": 217
      },
      "artifacts": {
        "artifact_count": 36,
        "artifact_size": 220607120
      },
      "metrics": {
        "accuracy": 0.8565871634763026,
        "f1_score": 0.6393822393822394,
        "tpr": 0.5273885350318471,
        "fpr": 0.03884542756946318,
        "best_params": {
          "max_depth": 10,
          "n_estimators": 100
        },
        "duration": 13.59,
        "code_changes": {
          "added": 104,
          "deleted": 0,
          "base_lines": 217
        },
        "artifact_count": 36,
        "artifact_size": 220607120
      }
    },
    "metaflow": {
      "duration": 60.68,
      "success": true,
      "code_changes": {
        "added": 195,
        "deleted": 0,
        "base_lines": 217
      },
      "artifacts": {
        "artifact_count": 465,
        "artifact_size": 145044442
      },
      "metrics": {
        "accuracy": 0.8599651960282526,
        "f1_score": 0.6736641221374046,
        "tpr": 0.5995753715498938,
        "fpr": 0.05732398165632587,
        "best_params": {
          "max_depth": 30,
          "max_features": "sqrt",
          "min_samples_split": 4,
          "n_estimators": 100
        },
        "duration": 60.68,
        "code_changes": {
          "added": 195,
          "deleted": 0,
          "base_lines": 217
        },
        "artifact_count": 465,
        "artifact_size": 145044442
      }
    },
    "zenml": {
      "duration": 28.93,
      "success": true,
      "code_changes": {
        "added": 208,
        "deleted": 0,
        "base_lines": 217
      },
      "artifacts": {
        "artifact_count": 1,
        "artifact_size": 220
      },
      "metrics": {
        "accuracy": 0.8601699252738254,
        "f1_score": 0.6581581581581581,
        "tpr": 0.5583864118895966,
        "fpr": 0.0439708659293229,
        "best_params": {
          "max_depth": 10,
          "max_features": "sqrt",
          "min_samples_split": 2,
          "n_estimators": 100
        },
        "duration": 28.93,
        "code_changes": {
          "added": 208,
          "deleted": 0,
          "base_lines": 217
        },
        "artifact_count": 1,
        "artifact_size": 220
      }
    }
  },
  "DeepCovid": {
    "baseline": {
      "duration": 365.82,
      "success": true,
      "code_changes": {
        "added": 0,
        "deleted": 0,
        "base_lines": 0
      },
      "artifacts": {
        "artifact_count": 0,
        "artifact_size": 0
      },
      "metrics": {
        "accuracy": 0.967741935483871,
        "f1_score": 0.9836065573770492,
        "tpr": 1.0,
        "fpr": 1.0,
        "duration": 365.82,
        "code_changes": {
          "added": 0,
          "deleted": 0,
          "base_lines": 0
        },
        "artifact_count": 0,
        "artifact_size": 0
      }
    },
    "mlflow": {
      "duration": 384.34,
      "success": true,
      "code_changes": {
        "added": 120,
        "deleted": 0,
        "base_lines": 194
      },
      "artifacts": {
        "artifact_count": 26,
        "artifact_size": 105057108
      },
      "metrics": {
        "accuracy": 0.967741935483871,
        "f1_score": 0.9836065573770492,
        "tpr": 1.0,
        "fpr": 1.0,
        "duration": 384.34,
        "code_changes": {
          "added": 120,
          "deleted": 0,
          "base_lines": 194
        },
        "artifact_count": 26,
        "artifact_size": 105057108
      }
    },
    "metaflow": {
      "duration": 439.46,
      "success": true,
      "code_changes": {
        "added": 196,
        "deleted": 0,
        "base_lines": 194
      },
      "artifacts": {
        "artifact_count": 319,
        "artifact_size": 182270316
      },
      "metrics": {
        "accuracy": 0.967741935483871,
        "f1_score": 0.9836065573770492,
        "tpr": 1.0,
        "fpr": 1.0,
        "duration": 439.46,
        "code_changes": {
          "added": 196,
          "deleted": 0,
          "base_lines": 194
        },
        "artifact_count": 319,
        "artifact_size": 182270316
      }
    },
    "zenml": {
      "duration": 402.46,
      "success": true,
      "code_changes": {
        "added": 196,
        "deleted": 0,
        "base_lines": 194
      },
      "artifacts": {
        "artifact_count": 1,
        "artifact_size": 220
      },
      "metrics": {
        "accuracy": 0.967741935483871,
        "f1_score": 0.9836065573770492,
        "tpr": 1.0,
        "fpr": 1.0,
        "duration": 402.46,
        "code_changes": {
          "added": 196,
          "deleted": 0,
          "base_lines": 194
        },
        "artifact_count": 1,
        "artifact_size": 220
      }
    }
  }
}