{
    "stats": {
        "train_loss": [
            0.19677887889795673,
            0.11774319340966484,
            0.09262772808620087,
            0.08689644055408846,
            0.07515622200998487,
            0.07166516680391988,
            0.0674300473862669,
            0.06349982045619479,
            0.06173785281637523,
            0.06049382520371229
        ],
        "train_acc": [
            0.9486564299424184,
            0.9630518234165067,
            0.9678502879078695,
            0.9731285988483686,
            0.9736084452975048,
            0.9769673704414588,
            0.974088291746641,
            0.980806142034549,
            0.977447216890595,
            0.9822456813819578
        ],
        "test_loss": [
            0.08953044096068029,
            0.08234588994734711,
            0.07388125258843384,
            0.08311174950870355,
            0.0507694105843022,
            0.05346456408320415,
            0.04168251492083073,
            0.04596015476741858,
            0.047316391294777035,
            0.053025789839974156
        ],
        "test_acc": [
            0.9690322580645161,
            0.9687096774193549,
            0.9709677419354839,
            0.9703225806451613,
            0.9793548387096774,
            0.9780645161290322,
            0.983225806451613,
            0.9806451612903225,
            0.9806451612903225,
            0.98
        ]
    },
    "best_test_acc": 0.983225806451613,
    "train_time_s": 1674.9963719844818
}